"","date","y"
"1",2016-02-01,1
"2",2016-02-02,6
"3",2016-02-03,20
"4",2016-02-04,4
"5",2016-02-05,3
"6",2016-02-06,1
"7",2016-02-07,2
"8",2016-02-08,5
"9",2016-02-09,35
"10",2016-02-10,7
"11",2016-02-11,5
"12",2016-02-12,4
"13",2016-02-13,6
"14",2016-02-14,5
"15",2016-02-15,3
"16",2016-02-16,1
"17",2016-02-17,22
"18",2016-02-18,7
"19",2016-02-19,1
"20",2016-02-20,2
"21",2016-02-21,17
"22",2016-02-22,4
"23",2016-02-23,2
"24",2016-02-24,9
"25",2016-02-25,9
"26",2016-02-26,2
"27",2016-02-27,7
"28",2016-02-28,12
"29",2016-02-29,8
"30",2016-03-01,35
"31",2016-03-02,81
"32",2016-03-03,4
"33",2016-03-04,38
"34",2016-03-05,13
"35",2016-03-06,5
"36",2016-03-07,0
"37",2016-03-08,1
"38",2016-03-09,1
"39",2016-03-10,13
"40",2016-03-11,10
"41",2016-03-12,7
"42",2016-03-13,1
"43",2016-03-14,28
"44",2016-03-15,70
"45",2016-03-16,5
"46",2016-03-17,1
"47",2016-03-18,0
"48",2016-03-19,27
"49",2016-03-20,16
"50",2016-03-21,7
"51",2016-03-22,5
"52",2016-03-23,1
"53",2016-03-24,10
"54",2016-03-25,8
"55",2016-03-26,5
"56",2016-03-27,1
"57",2016-03-28,3
"58",2016-03-29,9
"59",2016-03-30,1
"60",2016-03-31,0
"61",2016-04-01,2
"62",2016-04-02,1
"63",2016-04-03,3
"64",2016-04-04,0
"65",2016-04-05,0
"66",2016-04-06,0
"67",2016-04-07,0
"68",2016-04-08,0
"69",2016-04-09,0
"70",2016-04-10,0
"71",2016-04-11,0
"72",2016-04-12,0
"73",2016-04-13,0
"74",2016-04-14,0
"75",2016-04-15,0
"76",2016-04-16,0
"77",2016-04-17,0
"78",2016-04-18,0
"79",2016-04-19,0
"80",2016-04-20,0
"81",2016-04-21,0
"82",2016-04-22,0
"83",2016-04-23,0
"84",2016-04-24,0
"85",2016-04-25,0
"86",2016-04-26,0
"87",2016-04-27,0
"88",2016-04-28,0
"89",2016-04-29,0
"90",2016-04-30,0
"91",2016-05-01,0
"92",2016-05-02,0
"93",2016-05-03,0
"94",2016-05-04,0
"95",2016-05-05,0
"96",2016-05-06,0
"97",2016-05-07,0
"98",2016-05-08,0
"99",2016-05-09,0
"100",2016-05-10,0
"101",2016-05-11,0
"102",2016-05-12,0
"103",2016-05-13,0
"104",2016-05-14,0
"105",2016-05-15,0
"106",2016-05-16,0
"107",2016-05-17,0
"108",2016-05-18,0
"109",2016-05-19,0
"110",2016-05-20,0
"111",2016-05-21,0
"112",2016-05-22,0
"113",2016-05-23,0
"114",2016-05-24,0
"115",2016-05-25,0
"116",2016-05-26,0
"117",2016-05-27,0
"118",2016-05-28,0
"119",2016-05-29,0
"120",2016-05-30,0
"121",2016-05-31,0
"122",2016-06-01,0
"123",2016-06-02,0
"124",2016-06-03,0
"125",2016-06-04,0
"126",2016-06-05,0
"127",2016-06-06,0
"128",2016-06-07,0
"129",2016-06-08,0
"130",2016-06-09,0
"131",2016-06-10,0
"132",2016-06-11,0
"133",2016-06-12,0
"134",2016-06-13,0
"135",2016-06-14,0
"136",2016-06-15,0
"137",2016-06-16,0
"138",2016-06-17,0
"139",2016-06-18,0
"140",2016-06-19,0
"141",2016-06-20,0
"142",2016-06-21,0
"143",2016-06-22,0
"144",2016-06-23,0
"145",2016-06-24,0
"146",2016-06-25,0
"147",2016-06-26,0
"148",2016-06-27,0
"149",2016-06-28,0
"150",2016-06-29,0
"151",2016-06-30,0
"152",2016-07-01,0
"153",2016-07-02,0
"154",2016-07-03,0
"155",2016-07-04,0
"156",2016-07-05,0
"157",2016-07-06,0
"158",2016-07-07,0
"159",2016-07-08,0
"160",2016-07-09,0
"161",2016-07-10,0
"162",2016-07-11,0
"163",2016-07-12,0
"164",2016-07-13,0
"165",2016-07-14,0
"166",2016-07-15,0
"167",2016-07-16,0
"168",2016-07-17,0
"169",2016-07-18,0
"170",2016-07-19,0
"171",2016-07-20,0
"172",2016-07-21,0
"173",2016-07-22,0
"174",2016-07-23,0
"175",2016-07-24,0
"176",2016-07-25,0
"177",2016-07-26,0
"178",2016-07-27,0
"179",2016-07-28,0
"180",2016-07-29,0
"181",2016-07-30,0
"182",2016-07-31,0
"183",2016-08-01,0
"184",2016-08-02,0
"185",2016-08-03,0
"186",2016-08-04,0
"187",2016-08-05,0
"188",2016-08-06,0
"189",2016-08-07,0
"190",2016-08-08,0
"191",2016-08-09,0
"192",2016-08-10,0
"193",2016-08-11,0
"194",2016-08-12,0
"195",2016-08-13,0
"196",2016-08-14,0
"197",2016-08-15,0
"198",2016-08-16,0
"199",2016-08-17,0
"200",2016-08-18,0
"201",2016-08-19,0
"202",2016-08-20,0
"203",2016-08-21,0
"204",2016-08-22,0
"205",2016-08-23,0
"206",2016-08-24,0
"207",2016-08-25,0
"208",2016-08-26,0
"209",2016-08-27,0
"210",2016-08-28,0
"211",2016-08-29,0
"212",2016-08-30,0
"213",2016-08-31,0
"214",2016-09-01,0
"215",2016-09-02,0
"216",2016-09-03,0
"217",2016-09-04,0
"218",2016-09-05,0
"219",2016-09-06,0
"220",2016-09-07,0
"221",2016-09-08,0
"222",2016-09-09,0
"223",2016-09-10,0
"224",2016-09-11,0
"225",2016-09-12,0
"226",2016-09-13,0
"227",2016-09-14,0
"228",2016-09-15,0
"229",2016-09-16,0
"230",2016-09-17,0
"231",2016-09-18,0
"232",2016-09-19,0
"233",2016-09-20,0
"234",2016-09-21,0
"235",2016-09-22,0
"236",2016-09-23,0
"237",2016-09-24,0
"238",2016-09-25,0
"239",2016-09-26,0
"240",2016-09-27,0
"241",2016-09-28,0
"242",2016-09-29,0
"243",2016-09-30,0
"244",2016-10-01,0
"245",2016-10-02,0
"246",2016-10-03,0
"247",2016-10-04,0
"248",2016-10-05,0
"249",2016-10-06,0
"250",2016-10-07,0
"251",2016-10-08,0
"252",2016-10-09,0
"253",2016-10-10,0
"254",2016-10-11,0
"255",2016-10-12,0
"256",2016-10-13,0
"257",2016-10-14,0
"258",2016-10-15,0
"259",2016-10-16,0
"260",2016-10-17,0
"261",2016-10-18,0
"262",2016-10-19,0
"263",2016-10-20,0
"264",2016-10-21,0
"265",2016-10-22,0
"266",2016-10-23,0
"267",2016-10-24,0
"268",2016-10-25,0
"269",2016-10-26,0
"270",2016-10-27,0
"271",2016-10-28,0
"272",2016-10-29,0
"273",2016-10-30,0
"274",2017-02-06,0
"275",2017-02-07,0
"276",2017-02-08,0
"277",2017-02-09,0
"278",2017-02-10,0
"279",2017-02-11,0
"280",2017-02-12,1
"281",2017-02-13,0
"282",2017-02-14,0
"283",2017-02-15,0
"284",2017-02-16,0
"285",2017-02-17,0
"286",2017-02-18,1
"287",2017-02-19,0
"288",2017-02-20,1
"289",2017-02-21,1
"290",2017-02-22,3
"291",2017-02-23,4
"292",2017-02-24,17
"293",2017-02-25,10
"294",2017-02-26,12
"295",2017-02-27,7
"296",2017-02-28,32
"297",2017-03-01,37
"298",2017-03-02,78
"299",2017-03-03,37
"300",2017-03-04,47
"301",2017-03-05,53
"302",2017-03-06,0
"303",2017-03-07,1
"304",2017-03-08,69
"305",2017-03-09,14
"306",2017-03-10,12
"307",2017-03-11,33
"308",2017-03-12,44
"309",2017-03-13,14
"310",2017-03-14,18
"311",2017-03-15,25
"312",2017-03-16,65
"313",2017-03-17,29
"314",2017-03-18,4
"315",2017-03-19,1
"316",2017-03-20,1
"317",2017-03-21,2
"318",2017-03-22,3
"319",2017-03-23,7
"320",2017-03-24,31
"321",2017-03-25,7
"322",2017-03-26,2
"323",2017-03-27,0
"324",2017-03-28,0
"325",2017-03-29,0
"326",2017-03-30,0
"327",2017-03-31,0
"328",2017-04-01,0
"329",2017-04-02,0
"330",2017-04-03,0
"331",2017-04-04,0
"332",2017-04-05,0
"333",2017-04-06,3
"334",2017-04-07,3
"335",2017-04-08,1
"336",2017-04-09,0
"337",2017-04-10,1
"338",2017-04-11,0
"339",2017-04-12,0
"340",2017-04-13,0
"341",2017-04-14,0
"342",2017-04-15,0
"343",2017-04-16,0
"344",2017-04-17,0
"345",2017-04-18,0
"346",2017-04-19,0
"347",2017-04-20,0
"348",2017-04-21,1
"349",2017-04-22,0
"350",2017-04-23,0
"351",2017-04-24,0
"352",2017-04-25,1
"353",2017-04-26,0
"354",2017-04-27,0
"355",2017-04-28,0
"356",2017-04-29,0
"357",2017-04-30,0
"358",2017-05-01,0
"359",2017-05-02,0
"360",2017-05-03,0
"361",2017-05-04,0
"362",2017-05-05,0
"363",2017-05-06,0
"364",2017-05-07,0
"365",2017-05-08,0
"366",2017-05-09,0
"367",2017-05-10,0
"368",2017-05-11,0
"369",2017-05-12,0
"370",2017-05-13,0
"371",2017-05-14,0
"372",2017-05-15,0
"373",2017-05-16,0
"374",2017-05-17,0
"375",2017-05-18,0
"376",2017-05-19,0
"377",2017-05-20,0
"378",2017-05-21,0
"379",2017-05-22,0
"380",2017-05-23,0
"381",2017-05-24,0
"382",2017-05-25,0
"383",2017-05-26,0
"384",2017-05-27,0
"385",2017-05-28,0
"386",2017-05-29,0
"387",2017-05-30,0
"388",2017-05-31,0
"389",2017-06-01,0
"390",2017-06-02,0
"391",2017-06-03,0
"392",2017-06-04,0
"393",2017-06-05,0
"394",2017-06-06,0
"395",2017-06-07,0
"396",2017-06-08,0
"397",2017-06-09,1
"398",2017-06-10,0
"399",2017-06-11,0
"400",2017-06-12,0
"401",2017-06-13,0
"402",2017-06-14,0
"403",2017-06-15,0
"404",2017-06-16,0
"405",2017-06-17,0
"406",2017-06-18,0
"407",2017-06-19,0
"408",2017-06-20,0
"409",2017-06-21,0
"410",2017-06-22,0
"411",2017-06-23,0
"412",2017-06-24,0
"413",2017-06-25,0
"414",2017-06-26,0
"415",2017-06-27,0
"416",2017-06-28,0
"417",2017-06-29,0
"418",2017-06-30,0
"419",2017-07-01,0
"420",2017-07-02,0
"421",2017-07-03,0
"422",2017-07-04,0
"423",2017-07-05,0
"424",2017-07-06,0
"425",2017-07-07,0
"426",2017-07-08,0
"427",2017-07-09,0
"428",2017-07-10,0
"429",2017-07-11,0
"430",2017-07-12,0
"431",2017-07-13,0
"432",2017-07-14,0
"433",2017-07-15,0
"434",2017-07-16,0
"435",2017-07-17,0
"436",2017-07-18,0
"437",2017-07-19,0
"438",2017-07-20,0
"439",2017-07-21,0
"440",2017-07-22,0
"441",2017-07-23,0
"442",2017-07-24,0
"443",2017-07-25,0
"444",2017-07-26,0
"445",2017-07-27,0
"446",2017-07-28,0
"447",2017-07-29,0
"448",2017-07-30,0
"449",2017-07-31,0
"450",2017-08-01,0
"451",2017-08-02,0
"452",2017-08-03,0
"453",2017-08-04,0
"454",2017-08-05,0
"455",2017-08-06,0
"456",2017-08-07,0
"457",2017-08-08,0
"458",2017-08-09,0
"459",2017-08-10,0
"460",2017-08-11,0
"461",2017-08-12,0
"462",2017-08-13,0
"463",2017-08-14,0
"464",2017-08-15,0
"465",2017-08-16,0
"466",2017-08-17,0
"467",2017-08-18,0
"468",2017-08-19,0
"469",2017-08-20,0
"470",2017-08-21,0
"471",2017-08-22,0
"472",2017-08-23,0
"473",2017-08-24,0
"474",2017-08-25,0
"475",2017-08-26,0
"476",2017-08-27,0
"477",2017-08-28,0
"478",2017-08-29,0
"479",2017-08-30,0
"480",2017-08-31,0
"481",2017-09-01,0
"482",2017-09-02,0
"483",2017-09-03,0
"484",2017-09-04,0
"485",2017-09-05,0
"486",2017-09-06,0
"487",2017-09-07,0
"488",2017-09-08,0
"489",2017-09-09,0
"490",2017-09-10,0
"491",2017-09-11,0
"492",2017-09-12,0
"493",2017-09-13,0
"494",2017-09-14,0
"495",2017-09-15,0
"496",2017-09-16,0
"497",2017-09-17,0
"498",2017-09-18,0
"499",2017-09-19,0
"500",2017-09-20,0
"501",2017-09-21,0
"502",2017-09-22,0
"503",2017-09-23,0
"504",2017-09-24,0
"505",2017-09-25,0
"506",2017-09-26,0
"507",2017-09-27,0
"508",2017-09-28,0
"509",2017-09-29,0
"510",2017-09-30,0
"511",2017-10-01,0
"512",2017-10-02,0
"513",2017-10-03,0
"514",2017-10-04,0
"515",2017-10-05,0
"516",2017-10-06,0
"517",2017-10-07,0
"518",2017-10-08,0
"519",2017-10-09,0
"520",2017-10-10,0
"521",2017-10-11,0
"522",2017-10-12,0
"523",2017-10-13,0
"524",2017-10-14,0
"525",2017-10-15,0
"526",2017-10-16,0
"527",2017-10-17,0
"528",2017-10-18,0
"529",2017-10-19,0
"530",2017-10-20,0
"531",2017-10-21,0
"532",2017-10-22,0
"533",2017-10-23,0
"534",2017-10-24,0
"535",2017-10-25,0
"536",2017-10-26,0
"537",2017-10-27,0
"538",2017-10-28,0
"539",2017-10-29,0
"540",2017-10-30,0
"541",2017-10-31,0
"542",2017-11-01,0
"543",2017-11-02,0
"544",2017-11-03,0
"545",2017-11-04,0
"546",2017-11-05,0
"547",2018-02-05,0
"548",2018-02-06,0
"549",2018-02-07,0
"550",2018-02-08,0
"551",2018-02-09,0
"552",2018-02-10,0
"553",2018-02-11,0
"554",2018-02-12,0
"555",2018-02-13,0
"556",2018-02-14,0
"557",2018-02-15,0
"558",2018-02-16,0
"559",2018-02-17,10
"560",2018-02-18,1
"561",2018-02-19,1
"562",2018-02-20,1
"563",2018-02-21,1
"564",2018-02-22,1
"565",2018-02-23,5
"566",2018-02-24,1
"567",2018-02-25,3
"568",2018-02-26,1
"569",2018-02-27,1
"570",2018-02-28,2
"571",2018-03-01,2
"572",2018-03-02,3
"573",2018-03-03,0
"574",2018-03-04,0
"575",2018-03-05,3
"576",2018-03-06,0
"577",2018-03-07,1
"578",2018-03-08,14
"579",2018-03-09,43
"580",2018-03-10,74
"581",2018-03-11,46
"582",2018-03-12,16
"583",2018-03-13,32
"584",2018-03-14,34
"585",2018-03-15,13
"586",2018-03-16,3
"587",2018-03-17,3
"588",2018-03-18,1
"589",2018-03-19,0
"590",2018-03-20,5
"591",2018-03-21,15
"592",2018-03-22,17
"593",2018-03-23,1
"594",2018-03-24,3
"595",2018-03-25,1
"596",2018-03-26,3
"597",2018-03-27,1
"598",2018-03-28,3
"599",2018-03-29,8
"600",2018-03-30,1
"601",2018-03-31,3
"602",2018-04-01,5
"603",2018-04-02,0
"604",2018-04-03,0
"605",2018-04-04,0
"606",2018-04-05,0
"607",2018-04-06,0
"608",2018-04-07,0
"609",2018-04-08,0
"610",2018-04-09,7
"611",2018-04-10,3
"612",2018-04-11,1
"613",2018-04-12,1
"614",2018-04-13,4
"615",2018-04-14,1
"616",2018-04-15,0
"617",2018-04-16,0
"618",2018-04-17,0
"619",2018-04-18,0
"620",2018-04-19,0
"621",2018-04-20,0
"622",2018-04-21,0
"623",2018-04-22,0
"624",2018-04-23,0
"625",2018-04-24,0
"626",2018-04-25,0
"627",2018-04-26,0
"628",2018-04-27,0
"629",2018-04-28,0
"630",2018-04-29,0
"631",2018-04-30,0
"632",2018-05-01,0
"633",2018-05-02,0
"634",2018-05-03,0
"635",2018-05-04,0
"636",2018-05-05,0
"637",2018-05-06,0
"638",2018-05-07,0
"639",2018-05-08,0
"640",2018-05-09,0
"641",2018-05-10,0
"642",2018-05-11,0
"643",2018-05-12,0
"644",2018-05-13,0
"645",2018-05-14,0
"646",2018-05-15,0
"647",2018-05-16,0
"648",2018-05-17,0
"649",2018-05-18,0
"650",2018-05-19,0
"651",2018-05-20,0
"652",2018-05-21,0
"653",2018-05-22,0
"654",2018-05-23,0
"655",2018-05-24,0
"656",2018-05-25,0
"657",2018-05-26,1
"658",2018-05-27,0
"659",2018-05-28,0
"660",2018-05-29,0
"661",2018-05-30,0
"662",2018-05-31,0
"663",2018-06-01,0
"664",2018-06-02,0
"665",2018-06-03,0
"666",2018-06-04,0
"667",2018-06-05,0
"668",2018-06-06,0
"669",2018-06-07,0
"670",2018-06-08,0
"671",2018-06-09,0
"672",2018-06-10,0
"673",2018-06-11,0
"674",2018-06-12,0
"675",2018-06-13,0
"676",2018-06-14,0
"677",2018-06-15,0
"678",2018-06-16,0
"679",2018-06-17,0
"680",2018-06-18,0
"681",2018-06-19,0
"682",2018-06-20,0
"683",2018-06-21,0
"684",2018-06-22,0
"685",2018-06-23,0
"686",2018-06-24,0
"687",2018-06-25,0
"688",2018-06-26,0
"689",2018-06-27,0
"690",2018-06-28,0
"691",2018-06-29,0
"692",2018-06-30,0
"693",2018-07-01,0
"694",2018-07-02,0
"695",2018-07-03,0
"696",2018-07-04,0
"697",2018-07-05,0
"698",2018-07-06,0
"699",2018-07-07,0
"700",2018-07-08,0
"701",2018-07-09,0
"702",2018-07-10,0
"703",2018-07-11,0
"704",2018-07-12,0
"705",2018-07-13,0
"706",2018-07-14,0
"707",2018-07-15,0
"708",2018-07-16,0
"709",2018-07-17,0
"710",2018-07-18,0
"711",2018-07-19,0
"712",2018-07-20,0
"713",2018-07-21,0
"714",2018-07-22,0
"715",2018-07-23,0
"716",2018-07-24,0
"717",2018-07-25,0
"718",2018-07-26,0
"719",2018-07-27,0
"720",2018-07-28,0
"721",2018-07-29,0
"722",2018-07-30,0
"723",2018-07-31,0
"724",2018-08-01,0
"725",2018-08-02,0
"726",2018-08-03,0
"727",2018-08-04,0
"728",2018-08-05,0
"729",2018-08-06,0
"730",2018-08-07,0
"731",2018-08-08,0
"732",2018-08-09,0
"733",2018-08-10,0
"734",2018-08-11,0
"735",2018-08-12,0
"736",2018-08-13,0
"737",2018-08-14,0
"738",2018-08-15,0
"739",2018-08-16,0
"740",2018-08-17,0
"741",2018-08-18,0
"742",2018-08-19,0
"743",2018-08-20,0
"744",2018-08-21,0
"745",2018-08-22,0
"746",2018-08-23,0
"747",2018-08-24,0
"748",2018-08-25,0
"749",2018-08-26,0
"750",2018-08-27,0
"751",2018-08-28,0
"752",2018-08-29,0
"753",2018-08-30,0
"754",2018-08-31,0
"755",2018-09-01,0
"756",2018-09-02,0
"757",2018-09-03,0
"758",2018-09-04,0
"759",2018-09-05,0
"760",2018-09-06,0
"761",2018-09-07,0
"762",2018-09-08,0
"763",2018-09-09,0
"764",2018-09-10,0
"765",2018-09-11,0
"766",2018-09-12,0
"767",2018-09-13,0
"768",2018-09-14,0
"769",2018-09-15,0
"770",2018-09-16,0
"771",2018-09-17,0
"772",2018-09-18,0
"773",2018-09-19,0
"774",2018-09-20,0
"775",2018-09-21,0
"776",2018-09-22,0
"777",2018-09-23,0
"778",2018-09-24,0
"779",2018-09-25,0
"780",2018-09-26,0
"781",2018-09-27,0
"782",2018-09-28,0
"783",2018-09-29,0
"784",2018-09-30,0
"785",2018-10-01,0
"786",2018-10-02,0
"787",2018-10-03,0
"788",2018-10-04,0
"789",2018-10-05,0
"790",2018-10-06,0
"791",2018-10-07,0
"792",2018-10-08,0
"793",2018-10-09,0
"794",2018-10-10,0
"795",2018-10-11,0
"796",2018-10-12,0
"797",2018-10-13,0
"798",2018-10-14,0
"799",2018-10-15,0
"800",2018-10-16,0
"801",2018-10-17,0
"802",2018-10-18,0
"803",2018-10-19,0
"804",2018-10-20,0
"805",2018-10-21,0
"806",2018-10-22,0
"807",2018-10-23,0
"808",2018-10-24,0
"809",2018-10-25,0
"810",2018-10-26,0
"811",2018-10-27,0
"812",2018-10-28,0
"813",2018-10-29,0
"814",2018-10-30,0
"815",2018-10-31,0
"816",2018-11-01,0
"817",2018-11-02,0
"818",2018-11-03,0
"819",2018-11-04,0
"820",2019-01-01,0
"821",2019-02-04,0
"822",2019-02-05,0
"823",2019-02-06,0
"824",2019-02-07,0
"825",2019-02-09,0
"826",2019-02-10,0
"827",2019-02-11,0
"828",2019-02-12,0
"829",2019-02-13,0
"830",2019-02-14,0
"831",2019-02-15,0
"832",2019-02-16,0
"833",2019-02-17,0
"834",2019-02-18,1
"835",2019-02-19,28
"836",2019-02-20,42
"837",2019-02-21,52
"838",2019-02-22,9
"839",2019-02-23,4
"840",2019-02-24,2
"841",2019-02-25,1
"842",2019-02-26,142
"843",2019-02-27,44
"844",2019-02-28,140
"845",2019-03-01,170
"846",2019-03-02,20
"847",2019-03-03,5
"848",2019-03-04,47
"849",2019-03-05,7
"850",2019-03-06,9
"851",2019-03-07,46
"852",2019-03-08,18
"853",2019-03-09,2
"854",2019-03-10,8
"855",2019-03-11,4
"856",2019-03-12,3
"857",2019-03-13,6
"858",2019-03-14,1
"859",2019-03-15,2
"860",2019-03-16,0
"861",2019-03-17,3
"862",2019-03-18,1
"863",2019-03-19,1
"864",2019-03-20,1
"865",2019-03-21,3
"866",2019-03-22,1
"867",2019-03-23,3
"868",2019-03-24,0
"869",2019-03-25,2
"870",2019-03-26,3
"871",2019-03-27,0
"872",2019-03-28,1
"873",2019-03-29,1
"874",2019-03-30,3
"875",2019-03-31,3
"876",2019-04-01,1
"877",2019-04-02,4
"878",2019-04-03,1
"879",2019-04-04,1
"880",2019-04-05,1
"881",2019-04-06,1
"882",2019-04-07,0
"883",2019-04-08,1
"884",2019-04-09,1
"885",2019-04-10,0
"886",2019-04-11,0
"887",2019-04-12,0
"888",2019-04-13,0
"889",2019-04-14,0
"890",2019-04-15,0
"891",2019-04-16,0
"892",2019-04-17,0
"893",2019-04-18,1
"894",2019-04-19,3
"895",2019-04-20,6
"896",2019-04-21,3
"897",2019-04-22,0
"898",2019-04-23,0
"899",2019-04-24,0
"900",2019-04-25,0
"901",2019-04-26,0
"902",2019-04-27,0
"903",2019-04-28,0
"904",2019-04-29,0
"905",2019-04-30,0
"906",2019-05-01,0
"907",2019-05-02,0
"908",2019-05-03,0
"909",2019-05-04,0
"910",2019-05-05,0
"911",2019-05-06,0
"912",2019-05-07,0
"913",2019-05-08,0
"914",2019-05-09,0
"915",2019-05-10,0
"916",2019-05-11,0
"917",2019-05-12,0
"918",2019-05-13,0
"919",2019-05-14,0
"920",2019-05-15,0
"921",2019-05-16,0
"922",2019-05-17,0
"923",2019-05-18,0
"924",2019-05-19,0
"925",2019-05-20,0
"926",2019-05-21,0
"927",2019-05-22,0
"928",2019-05-23,0
"929",2019-05-24,0
"930",2019-05-25,0
"931",2019-05-26,0
"932",2019-05-27,0
"933",2019-05-28,0
"934",2019-05-29,0
"935",2019-05-30,0
"936",2019-05-31,0
"937",2019-06-01,0
"938",2019-06-02,0
"939",2019-06-03,0
"940",2019-06-04,0
"941",2019-06-05,0
"942",2019-06-06,0
"943",2019-06-07,0
"944",2019-06-08,1
"945",2019-06-09,1
"946",2019-06-10,0
"947",2019-06-11,0
"948",2019-06-12,0
"949",2019-06-13,0
"950",2019-06-14,0
"951",2019-06-15,0
"952",2019-06-16,0
"953",2019-06-17,0
"954",2019-06-18,0
"955",2019-06-19,0
"956",2019-06-20,0
"957",2019-06-21,0
"958",2019-06-22,0
"959",2019-06-23,0
"960",2019-06-24,0
"961",2019-06-25,0
"962",2019-06-26,0
"963",2019-06-27,0
"964",2019-06-28,0
"965",2019-06-29,0
"966",2019-06-30,0
"967",2019-07-01,0
"968",2019-07-02,0
"969",2019-07-03,0
"970",2019-07-04,0
"971",2019-07-05,0
"972",2019-07-06,0
"973",2019-07-07,0
"974",2019-07-08,0
"975",2019-07-09,0
"976",2019-07-10,0
"977",2019-07-11,0
"978",2019-07-12,0
"979",2019-07-13,0
"980",2019-07-14,0
"981",2019-07-15,0
"982",2019-07-16,0
"983",2019-07-17,0
"984",2019-07-18,0
"985",2019-07-19,0
"986",2019-07-20,0
"987",2019-07-21,0
"988",2019-07-22,0
"989",2019-07-23,0
"990",2019-07-24,0
"991",2019-07-25,0
"992",2019-07-26,0
"993",2019-07-27,0
"994",2019-07-28,0
"995",2019-07-29,0
"996",2019-07-30,0
"997",2019-07-31,0
"998",2019-08-01,0
"999",2019-08-02,0
"1000",2019-08-03,0
"1001",2019-08-04,0
"1002",2019-08-05,0
"1003",2019-08-06,0
"1004",2019-08-07,0
"1005",2019-08-08,0
"1006",2019-08-09,0
"1007",2019-08-10,0
"1008",2019-08-11,0
"1009",2019-08-12,0
"1010",2019-08-13,0
"1011",2019-08-14,0
"1012",2019-08-15,0
"1013",2019-08-16,0
"1014",2019-08-17,0
"1015",2019-08-18,0
"1016",2019-08-19,0
"1017",2019-08-20,0
"1018",2019-08-21,0
"1019",2019-08-22,0
"1020",2019-08-23,0
"1021",2019-08-24,0
"1022",2019-08-25,0
"1023",2019-08-26,0
"1024",2019-08-27,0
"1025",2019-08-28,0
"1026",2019-08-29,0
"1027",2019-08-30,0
"1028",2019-08-31,0
"1029",2019-09-01,0
"1030",2019-09-02,0
"1031",2019-09-03,0
"1032",2019-09-04,0
"1033",2019-09-05,0
"1034",2019-09-06,0
"1035",2019-09-07,0
"1036",2019-09-08,0
"1037",2019-09-09,0
"1038",2019-09-10,0
"1039",2019-09-11,0
"1040",2019-09-12,0
"1041",2019-09-13,0
"1042",2019-09-14,0
"1043",2019-09-15,0
"1044",2019-09-16,0
"1045",2019-09-17,0
"1046",2019-09-18,0
"1047",2019-09-19,0
"1048",2019-09-20,0
"1049",2019-09-21,0
"1050",2019-09-22,0
"1051",2019-09-23,0
"1052",2019-09-24,0
"1053",2019-09-25,0
"1054",2019-09-26,0
"1055",2019-09-27,0
"1056",2019-09-28,0
"1057",2019-09-29,0
"1058",2019-09-30,0
"1059",2019-10-01,0
"1060",2019-10-02,0
"1061",2019-10-03,0
"1062",2019-10-04,0
"1063",2019-10-05,0
"1064",2019-10-06,0
"1065",2019-10-07,0
"1066",2019-10-08,0
"1067",2019-10-09,0
"1068",2019-10-10,0
"1069",2019-10-11,0
"1070",2019-10-12,0
"1071",2019-10-13,0
"1072",2019-10-14,0
"1073",2019-10-15,0
"1074",2019-10-16,0
"1075",2019-10-17,0
"1076",2019-10-18,0
"1077",2019-10-19,0
"1078",2019-10-20,0
"1079",2019-10-21,0
"1080",2019-10-22,0
"1081",2019-10-23,0
"1082",2019-10-24,0
"1083",2019-10-25,0
"1084",2019-10-26,0
"1085",2019-10-27,0
"1086",2019-10-28,0
"1087",2019-10-29,0
"1088",2019-10-30,0
"1089",2019-10-31,0
"1090",2019-11-01,0
"1091",2019-11-02,0
"1092",2019-11-03,0
"1093",2020-02-03,3
"1094",2020-02-04,1
"1095",2020-02-05,0
"1096",2020-02-06,0
"1097",2020-02-07,0
"1098",2020-02-08,0
"1099",2020-02-09,0
"1100",2020-02-10,1
"1101",2020-02-11,2
"1102",2020-02-12,0
"1103",2020-02-13,0
"1104",2020-02-14,1
"1105",2020-02-15,1
"1106",2020-02-16,1
"1107",2020-02-17,12
"1108",2020-02-18,18
"1109",2020-02-19,9
"1110",2020-02-20,1
"1111",2020-02-21,4
"1112",2020-02-22,8
"1113",2020-02-23,8
"1114",2020-02-24,8
"1115",2020-02-25,1
"1116",2020-02-26,3
"1117",2020-02-27,1
"1118",2020-02-28,1
"1119",2020-02-29,1
"1120",2020-03-01,5
"1121",2020-03-02,5
"1122",2020-03-03,1
"1123",2020-03-04,4
"1124",2020-03-05,1
"1125",2020-03-06,0
"1126",2020-03-07,1
"1127",2020-03-08,1
"1128",2020-03-09,2
"1129",2020-03-10,1
"1130",2020-03-11,1
"1131",2020-03-12,0
"1132",2020-03-13,0
"1133",2020-03-14,0
"1134",2020-03-15,0
"1135",2020-03-16,0
"1136",2020-03-17,0
"1137",2020-03-18,0
"1138",2020-03-19,0
"1139",2020-03-20,0
"1140",2020-03-21,0
"1141",2020-03-22,0
"1142",2020-03-23,0
"1143",2020-03-24,0
"1144",2020-03-25,0
"1145",2020-03-26,1
"1146",2020-03-27,0
"1147",2020-03-28,1
"1148",2020-03-29,1
"1149",2020-03-30,0
"1150",2020-03-31,0
"1151",2020-04-01,0
"1152",2020-04-02,0
"1153",2020-04-03,0
"1154",2020-04-04,0
"1155",2020-04-05,0
"1156",2020-04-06,0
"1157",2020-04-07,0
"1158",2020-04-08,0
"1159",2020-04-09,0
"1160",2020-04-10,0
"1161",2020-04-11,0
"1162",2020-04-12,0
"1163",2020-04-13,0
"1164",2020-04-14,0
"1165",2020-04-15,0
"1166",2020-04-16,0
"1167",2020-04-17,0
"1168",2020-04-18,0
"1169",2020-04-19,0
"1170",2020-04-20,1
"1171",2020-04-21,0
"1172",2020-04-22,0
"1173",2020-04-23,1
"1174",2020-04-24,0
"1175",2020-04-25,0
"1176",2020-04-26,0
"1177",2020-04-27,0
"1178",2020-04-28,0
"1179",2020-04-29,0
"1180",2020-04-30,0
"1181",2020-05-01,0
"1182",2020-05-02,0
"1183",2020-05-03,0
"1184",2020-08-31,0
"1185",2020-09-01,0
"1186",2020-09-02,0
"1187",2020-09-03,0
"1188",2020-09-04,0
"1189",2020-09-05,0
"1190",2020-09-06,0
"1191",2020-09-07,0
"1192",2020-09-08,0
"1193",2020-09-09,0
"1194",2020-09-10,0
"1195",2020-09-11,0
"1196",2020-09-12,0
"1197",2020-09-13,0
"1198",2020-09-14,0
"1199",2020-09-15,0
"1200",2020-09-16,0
"1201",2020-09-17,0
"1202",2020-09-18,0
"1203",2020-09-19,0
"1204",2020-09-20,0
"1205",2020-09-21,0
"1206",2020-09-22,0
"1207",2020-09-23,0
"1208",2020-09-24,0
"1209",2020-09-25,0
"1210",2020-09-26,0
"1211",2020-09-27,0
"1212",2020-09-28,0
"1213",2020-09-29,0
"1214",2020-09-30,0
"1215",2020-10-01,0
"1216",2020-10-02,0
"1217",2020-10-03,0
"1218",2020-10-04,0
"1219",2020-10-05,0
"1220",2020-10-06,0
"1221",2020-10-07,0
"1222",2020-10-08,0
"1223",2020-10-09,0
"1224",2020-10-10,0
"1225",2020-10-11,0
"1226",2020-10-12,0
"1227",2020-10-13,0
"1228",2020-10-14,0
"1229",2020-10-15,0
"1230",2020-10-16,0
"1231",2020-10-17,0
"1232",2020-10-18,0
"1233",2020-10-19,0
"1234",2020-10-20,0
"1235",2020-10-21,0
"1236",2020-10-22,0
"1237",2020-10-23,0
"1238",2020-10-24,0
"1239",2020-10-25,0
"1240",2021-02-22,6
"1241",2021-02-23,8
"1242",2021-02-24,5
"1243",2021-02-25,3
"1244",2021-02-26,18
"1245",2021-02-27,23
"1246",2021-02-28,21
"1247",2021-03-01,11
"1248",2021-03-02,16
"1249",2021-03-03,2
"1250",2021-03-04,1
"1251",2021-03-05,1
"1252",2021-03-06,8
"1253",2021-03-07,0
"1254",2021-03-08,1
"1255",2021-03-09,3
"1256",2021-03-10,3
"1257",2021-03-11,1
"1258",2021-03-12,1
"1259",2021-03-13,0
"1260",2021-03-14,0
"1261",2021-03-15,4
"1262",2021-03-16,6
"1263",2021-03-17,2
"1264",2021-03-18,4
"1265",2021-03-19,1
"1266",2021-03-20,0
"1267",2021-03-21,1
"1268",2021-03-22,1
"1269",2021-03-23,8
"1270",2021-03-24,1
"1271",2021-03-25,3
"1272",2021-03-26,7
"1273",2021-03-27,1
"1274",2021-03-28,1
"1275",2021-03-29,0
"1276",2021-03-30,0
"1277",2021-03-31,0
"1278",2021-04-01,1
"1279",2021-04-02,2
"1280",2021-04-03,1
"1281",2021-04-04,0
"1282",2021-04-05,0
"1283",2021-04-06,0
"1284",2021-04-07,0
"1285",2021-04-08,0
"1286",2021-04-09,0
"1287",2021-04-10,0
"1288",2021-04-11,1
"1289",2021-04-12,1
"1290",2021-04-13,1
"1291",2021-04-14,0
"1292",2021-04-15,0
"1293",2021-04-16,0
"1294",2021-04-17,0
"1295",2021-04-18,0
"1296",2021-04-19,1
"1297",2021-04-20,0
"1298",2021-04-21,0
"1299",2021-04-22,1
"1300",2021-04-23,1
"1301",2021-04-24,0
"1302",2021-04-25,0
"1303",2021-04-26,0
"1304",2021-04-27,0
"1305",2021-04-28,0
"1306",2021-04-29,0
"1307",2021-04-30,0
"1308",2021-05-01,0
"1309",2021-05-02,0
"1310",2021-05-03,0
"1311",2021-05-04,0
"1312",2021-05-05,0
"1313",2021-05-06,0
"1314",2021-05-07,0
"1315",2021-05-08,0
"1316",2021-05-09,0
"1317",2021-05-10,0
"1318",2021-05-11,1
"1319",2021-05-12,0
"1320",2021-05-13,0
"1321",2021-05-14,0
"1322",2021-05-15,0
"1323",2021-05-16,0
"1324",2021-05-17,0
"1325",2021-05-18,0
"1326",2021-05-19,0
"1327",2021-05-20,0
"1328",2021-05-21,0
"1329",2021-05-22,0
"1330",2021-05-23,0
"1331",2021-05-24,0
"1332",2021-05-25,0
"1333",2021-05-26,0
"1334",2021-05-27,0
"1335",2021-05-28,0
"1336",2021-05-29,0
"1337",2021-05-30,0
"1338",2021-05-31,0
"1339",2021-06-01,0
"1340",2021-06-02,0
"1341",2021-06-03,0
"1342",2021-06-04,0
"1343",2021-06-05,0
"1344",2021-06-06,0
"1345",2021-06-07,0
"1346",2021-06-08,0
"1347",2021-06-09,0
"1348",2021-06-10,0
"1349",2021-06-11,0
"1350",2021-06-12,0
"1351",2021-06-13,0
"1352",2021-06-14,0
"1353",2021-06-15,0
"1354",2021-06-16,0
"1355",2021-06-17,0
"1356",2021-06-18,0
"1357",2021-06-19,0
"1358",2021-06-20,0
"1359",2021-06-21,0
"1360",2021-06-22,0
"1361",2021-06-23,0
"1362",2021-06-24,0
"1363",2021-06-25,0
"1364",2021-06-26,0
"1365",2021-06-27,0
"1366",2021-06-28,0
"1367",2021-06-29,0
"1368",2021-06-30,0
"1369",2021-07-01,0
"1370",2021-07-02,0
"1371",2021-07-03,0
"1372",2021-07-04,0
"1373",2021-07-05,0
"1374",2021-07-06,0
"1375",2021-07-07,0
"1376",2021-07-08,0
"1377",2021-07-09,0
"1378",2021-07-10,0
"1379",2021-07-11,0
"1380",2021-07-12,0
"1381",2021-07-13,0
"1382",2021-07-14,0
"1383",2021-07-15,0
"1384",2021-07-16,0
"1385",2021-07-17,0
"1386",2021-07-18,0
"1387",2021-07-19,0
"1388",2021-07-20,0
"1389",2021-07-21,0
"1390",2021-07-22,0
"1391",2021-07-23,0
"1392",2021-07-24,0
"1393",2021-07-25,0
"1394",2021-07-26,0
"1395",2021-07-27,0
"1396",2021-07-28,0
"1397",2021-07-29,0
"1398",2021-07-30,0
"1399",2021-07-31,0
"1400",2021-08-01,0
"1401",2021-08-02,0
"1402",2021-08-03,0
"1403",2021-08-04,0
"1404",2021-08-05,0
"1405",2021-08-06,0
"1406",2021-08-07,0
"1407",2021-08-08,0
"1408",2021-08-09,0
"1409",2021-08-10,0
"1410",2021-08-11,0
"1411",2021-08-12,0
"1412",2021-08-13,0
"1413",2021-08-14,0
"1414",2021-08-15,0
"1415",2021-08-16,0
"1416",2021-08-17,0
"1417",2021-08-18,0
"1418",2021-08-19,0
"1419",2021-08-20,0
"1420",2021-08-21,0
"1421",2021-08-22,0
"1422",2021-08-23,0
"1423",2021-08-24,0
"1424",2021-08-25,0
"1425",2021-08-26,0
"1426",2021-08-27,0
"1427",2021-08-28,0
"1428",2021-08-29,0
"1429",2021-08-30,0
"1430",2021-08-31,0
"1431",2021-09-01,0
"1432",2021-09-02,0
"1433",2021-09-03,0
"1434",2021-09-04,0
"1435",2021-09-05,0
"1436",2021-09-06,0
"1437",2021-09-07,0
"1438",2021-09-08,0
"1439",2021-09-09,0
"1440",2021-09-10,0
"1441",2021-09-11,0
"1442",2021-09-12,0
"1443",2021-09-13,0
"1444",2021-09-14,0
"1445",2021-09-15,0
"1446",2021-09-16,0
"1447",2021-09-17,0
"1448",2021-09-18,0
"1449",2021-09-19,0
"1450",2021-09-20,0
"1451",2021-09-21,0
"1452",2021-09-22,0
"1453",2021-09-23,0
"1454",2021-09-24,0
"1455",2021-09-25,0
"1456",2021-09-26,0
"1457",2021-09-27,0
"1458",2021-09-28,0
"1459",2021-09-29,0
"1460",2021-09-30,0
"1461",2021-10-01,0
"1462",2021-10-02,0
"1463",2021-10-03,0
"1464",2021-10-04,0
"1465",2021-10-05,0
"1466",2021-10-06,0
"1467",2021-10-07,0
"1468",2021-10-08,0
"1469",2021-10-09,0
"1470",2021-10-10,0
"1471",2021-10-11,0
"1472",2021-10-12,0
"1473",2021-10-13,0
"1474",2021-10-14,0
"1475",2021-10-15,0
"1476",2021-10-16,0
"1477",2021-10-17,0
"1478",2021-10-18,0
"1479",2021-10-19,0
"1480",2021-10-20,0
"1481",2021-10-21,0
"1482",2021-10-22,0
"1483",2021-10-23,0
"1484",2021-10-24,0
"1485",2021-10-25,0
"1486",2021-10-26,0
"1487",2021-10-27,0
"1488",2021-10-28,0
"1489",2021-10-29,0
"1490",2021-10-30,0
"1491",2021-10-31,0
"1492",2022-02-07,3
"1493",2022-02-08,21
"1494",2022-02-09,29
"1495",2022-02-10,67
"1496",2022-02-11,150
"1497",2022-02-12,13
"1498",2022-02-13,10
"1499",2022-02-14,1
"1500",2022-02-15,29
"1501",2022-02-16,14
"1502",2022-02-17,528
"1503",2022-02-18,91
"1504",2022-02-19,110
"1505",2022-02-20,10
"1506",2022-02-21,27
"1507",2022-02-22,37
"1508",2022-02-23,51
"1509",2022-02-24,76
"1510",2022-02-25,67
"1511",2022-02-26,24
"1512",2022-02-27,53
"1513",2022-02-28,13
"1514",2022-03-01,13
"1515",2022-03-02,14
"1516",2022-03-03,12
"1517",2022-03-04,27
"1518",2022-03-05,14
"1519",2022-03-06,20
"1520",2022-03-07,9
"1521",2022-03-08,18
"1522",2022-03-09,31
"1523",2022-03-10,11
"1524",2022-03-11,3
"1525",2022-03-12,14
"1526",2022-03-13,5
"1527",2022-03-14,7
"1528",2022-03-15,6
"1529",2022-03-16,9
"1530",2022-03-17,2
"1531",2022-03-18,6
"1532",2022-03-19,14
"1533",2022-03-20,2
"1534",2022-03-21,9
"1535",2022-03-22,22
"1536",2022-03-23,18
"1537",2022-03-24,9
"1538",2022-03-25,22
"1539",2022-03-26,24
"1540",2022-03-27,8
"1541",2022-03-28,3
"1542",2022-03-29,9
"1543",2022-03-30,6
"1544",2022-03-31,3
"1545",2022-04-01,7
"1546",2022-04-02,1
"1547",2022-04-03,0
"1548",2022-04-11,0
"1549",2022-04-12,3
"1550",2022-04-13,1
"1551",2022-04-14,0
"1552",2022-04-15,0
"1553",2022-04-16,0
"1554",2022-04-17,2
"1555",2022-04-18,1
"1556",2022-04-19,1
"1557",2022-04-20,0
"1558",2022-04-21,1
"1559",2022-04-22,0
"1560",2022-04-23,0
"1561",2022-04-24,0
"1562",2022-04-25,0
"1563",2022-04-26,1
"1564",2022-04-27,0
"1565",2022-04-28,0
"1566",2022-04-29,0
"1567",2022-04-30,0
"1568",2022-05-01,1
"1569",2022-05-02,0
"1570",2022-05-03,0
"1571",2022-05-04,1
"1572",2022-05-05,0
"1573",2022-05-06,0
"1574",2022-05-07,0
"1575",2022-05-08,0
"1576",2022-05-09,0
"1577",2022-05-10,0
"1578",2022-05-11,0
"1579",2022-05-12,0
"1580",2022-05-13,0
"1581",2022-05-14,0
"1582",2022-05-15,0
"1583",2022-05-16,1
"1584",2022-05-17,1
"1585",2022-05-18,0
"1586",2022-05-19,0
"1587",2022-05-20,0
"1588",2022-05-21,1
"1589",2022-05-22,0
"1590",2022-05-23,0
"1591",2022-05-24,0
"1592",2022-05-25,0
"1593",2022-05-26,0
"1594",2022-05-27,0
"1595",2022-05-28,0
"1596",2022-05-29,0
"1597",2022-05-30,0
"1598",2022-05-31,0
"1599",2022-06-01,0
"1600",2022-06-02,0
"1601",2022-06-03,0
"1602",2022-06-04,0
"1603",2022-06-05,0
"1604",2022-06-06,0
"1605",2022-06-07,0
"1606",2022-06-08,0
"1607",2022-06-09,0
"1608",2022-06-10,0
"1609",2022-06-11,0
"1610",2022-06-12,0
"1611",2022-06-13,0
"1612",2022-06-14,0
"1613",2022-06-15,0
"1614",2022-06-16,0
"1615",2022-06-17,0
"1616",2022-06-18,0
"1617",2022-06-19,0
"1618",2022-06-20,0
"1619",2022-06-21,0
"1620",2022-06-22,0
"1621",2022-06-23,0
"1622",2022-06-24,0
"1623",2022-06-25,0
"1624",2022-06-26,0
"1625",2022-06-27,0
"1626",2022-06-28,0
"1627",2022-06-29,0
"1628",2022-06-30,0
"1629",2022-07-01,0
"1630",2022-07-02,0
"1631",2022-07-03,0
"1632",2022-07-04,0
"1633",2022-07-05,0
"1634",2022-07-06,0
"1635",2022-07-07,0
"1636",2022-07-08,0
"1637",2022-07-09,0
"1638",2022-07-10,0
"1639",2022-07-11,0
"1640",2022-07-12,0
"1641",2022-07-13,0
"1642",2022-07-14,0
"1643",2022-07-15,0
"1644",2022-07-16,0
"1645",2022-07-17,0
"1646",2022-07-18,0
"1647",2022-07-19,0
"1648",2022-07-20,0
"1649",2022-07-21,0
"1650",2022-07-22,0
"1651",2022-07-23,0
"1652",2022-07-24,0
"1653",2022-07-25,0
"1654",2022-07-26,0
"1655",2022-07-27,0
"1656",2022-07-28,0
"1657",2022-07-29,0
"1658",2022-07-30,0
"1659",2022-07-31,0
"1660",2022-08-01,0
"1661",2022-08-02,0
"1662",2022-08-03,0
"1663",2022-08-04,0
"1664",2022-08-05,0
"1665",2022-08-06,0
"1666",2022-08-07,0
"1667",2022-08-08,0
"1668",2022-08-09,0
"1669",2022-08-10,0
"1670",2022-08-11,0
"1671",2022-08-12,0
"1672",2022-08-13,0
"1673",2022-08-14,0
"1674",2022-08-15,0
"1675",2022-08-16,0
"1676",2022-08-17,0
"1677",2022-08-18,0
"1678",2022-08-19,0
"1679",2022-08-20,0
"1680",2022-08-21,0
"1681",2022-08-22,0
"1682",2022-08-23,0
"1683",2022-08-24,0
"1684",2022-08-25,0
"1685",2022-08-26,0
"1686",2022-08-27,0
"1687",2022-08-28,0
"1688",2022-09-05,0
"1689",2022-09-06,0
"1690",2022-09-07,0
"1691",2022-09-08,0
"1692",2022-09-09,0
"1693",2022-09-10,0
"1694",2022-09-11,0
"1695",2022-09-12,0
"1696",2022-09-13,0
"1697",2022-09-14,0
"1698",2022-09-15,0
"1699",2022-09-16,0
"1700",2022-09-17,0
"1701",2022-09-18,0
"1702",2022-09-19,0
"1703",2022-09-20,0
"1704",2022-09-21,0
"1705",2022-09-22,0
"1706",2022-09-23,0
"1707",2022-09-24,0
"1708",2022-09-25,0
"1709",2022-09-26,0
"1710",2022-09-27,0
"1711",2022-09-28,0
"1712",2022-09-29,0
"1713",2022-09-30,0
"1714",2022-10-01,0
"1715",2022-10-02,0
"1716",2022-10-03,0
"1717",2022-10-04,0
"1718",2022-10-05,0
"1719",2022-10-06,0
"1720",2022-10-07,0
"1721",2022-10-08,0
"1722",2022-10-09,0
"1723",2022-10-10,0
"1724",2022-10-11,0
"1725",2022-10-12,0
"1726",2022-10-13,0
"1727",2022-10-14,0
"1728",2022-10-15,0
"1729",2022-10-16,0
"1730",2022-10-17,0
"1731",2022-10-18,0
"1732",2022-10-19,0
"1733",2022-10-20,0
"1734",2022-10-21,0
"1735",2022-10-22,0
"1736",2022-10-23,0
"1737",2022-10-24,0
"1738",2022-10-25,0
"1739",2022-10-26,0
"1740",2022-10-27,0
"1741",2022-10-28,0
"1742",2022-10-29,0
"1743",2022-10-30,0
"1744",2023-02-06,0
"1745",2023-02-07,1
"1746",2023-02-08,0
"1747",2023-02-09,2
"1748",2023-02-10,0
"1749",2023-02-11,1
"1750",2023-02-12,1
"1751",2023-02-13,3
"1752",2023-02-14,2
"1753",2023-02-15,2
"1754",2023-02-16,0
"1755",2023-02-17,0
"1756",2023-02-18,2
"1757",2023-02-19,2
"1758",2023-02-20,15
"1759",2023-02-21,78
"1760",2023-02-22,12
"1761",2023-02-23,8
"1762",2023-02-24,40
"1763",2023-02-25,5
"1764",2023-02-26,30
"1765",2023-02-27,1
"1766",2023-02-28,1
"1767",2023-03-01,1
"1768",2023-03-02,6
"1769",2023-03-03,2
"1770",2023-03-04,7
"1771",2023-03-05,22
"1772",2023-03-06,4
"1773",2023-03-07,1
"1774",2023-03-08,8
"1775",2023-03-09,8
"1776",2023-03-10,3
"1777",2023-03-11,8
"1778",2023-03-12,7
"1779",2023-03-13,3
"1780",2023-03-14,3
"1781",2023-03-15,9
"1782",2023-03-16,5
"1783",2023-03-17,16
"1784",2023-03-18,1
"1785",2023-03-19,0
"1786",2023-03-20,5
"1787",2023-03-21,5
"1788",2023-03-22,2
"1789",2023-03-23,1
"1790",2023-03-24,5
"1791",2023-03-25,4
"1792",2023-03-26,1
"1793",2023-03-27,3
"1794",2023-03-28,1
"1795",2023-03-29,0
"1796",2023-03-30,0
"1797",2023-03-31,0
"1798",2023-04-01,0
"1799",2023-04-02,0
"1800",2023-04-03,2
"1801",2023-04-04,1
"1802",2023-04-05,0
"1803",2023-04-06,1
"1804",2023-04-07,0
"1805",2023-04-08,0
"1806",2023-04-09,0
"1807",2023-04-10,2
"1808",2023-04-11,2
"1809",2023-04-12,0
"1810",2023-04-13,1
"1811",2023-04-14,0
"1812",2023-04-15,1
"1813",2023-04-16,1
"1814",2023-04-17,0
"1815",2023-04-18,0
"1816",2023-04-19,0
"1817",2023-04-20,0
"1818",2023-04-21,0
"1819",2023-04-22,0
"1820",2023-04-23,0
"1821",2023-04-24,0
"1822",2023-04-25,0
"1823",2023-04-26,0
"1824",2023-04-27,0
"1825",2023-04-28,0
"1826",2023-04-29,0
"1827",2023-04-30,0
"1828",2023-05-01,0
"1829",2023-05-02,0
"1830",2023-05-03,0
"1831",2023-05-04,0
"1832",2023-05-05,0
"1833",2023-05-06,0
"1834",2023-05-07,0
"1835",2023-05-08,0
"1836",2023-05-09,0
"1837",2023-05-10,0
"1838",2023-05-11,0
"1839",2023-05-12,0
"1840",2023-05-13,0
"1841",2023-05-14,0
"1842",2023-05-15,0
"1843",2023-05-16,0
"1844",2023-05-17,0
"1845",2023-05-18,0
"1846",2023-05-19,0
"1847",2023-05-20,0
"1848",2023-05-21,0
"1849",2023-05-22,0
"1850",2023-05-23,0
"1851",2023-05-24,0
"1852",2023-05-25,0
"1853",2023-05-26,0
"1854",2023-05-27,0
"1855",2023-05-28,0
"1856",2023-05-29,0
"1857",2023-05-30,0
"1858",2023-05-31,0
"1859",2023-06-01,0
"1860",2023-06-02,0
"1861",2023-06-03,0
"1862",2023-06-04,0
"1863",2023-06-05,0
"1864",2023-06-06,0
"1865",2023-06-07,0
"1866",2023-06-08,0
"1867",2023-06-09,0
"1868",2023-06-10,0
"1869",2023-06-11,0
"1870",2023-06-12,0
"1871",2023-06-13,0
"1872",2023-06-14,0
"1873",2023-06-15,0
"1874",2023-06-16,0
"1875",2023-06-17,0
"1876",2023-06-18,0
"1877",2023-06-19,0
"1878",2023-06-20,0
"1879",2023-06-21,0
"1880",2023-06-22,0
"1881",2023-06-23,0
"1882",2023-06-24,0
"1883",2023-06-25,0
"1884",2023-06-26,0
"1885",2023-06-27,0
"1886",2023-06-28,0
"1887",2023-06-29,0
"1888",2023-06-30,0
"1889",2023-07-01,0
"1890",2023-07-02,0
"1891",2023-07-03,0
"1892",2023-07-04,0
"1893",2023-07-05,0
"1894",2023-07-06,0
"1895",2023-07-07,0
"1896",2023-07-08,0
"1897",2023-07-09,0
"1898",2023-07-10,0
"1899",2023-07-11,0
"1900",2023-07-12,0
"1901",2023-07-13,0
"1902",2023-07-14,0
"1903",2023-07-15,0
"1904",2023-07-16,0
"1905",2023-07-31,0
"1906",2023-08-01,0
"1907",2023-08-02,0
"1908",2023-08-03,0
"1909",2023-08-04,0
"1910",2023-08-05,0
"1911",2023-08-06,0
"1912",2023-08-07,0
"1913",2023-08-08,0
"1914",2023-08-09,0
"1915",2023-08-10,0
"1916",2023-08-11,0
"1917",2023-08-12,0
"1918",2023-08-13,0
"1919",2023-08-14,0
"1920",2023-08-15,0
"1921",2023-08-16,0
"1922",2023-08-17,0
"1923",2023-08-18,0
"1924",2023-08-19,0
"1925",2023-08-20,0
"1926",2023-08-21,0
"1927",2023-08-22,0
"1928",2023-08-23,0
"1929",2023-08-24,0
"1930",2023-08-25,0
"1931",2023-08-26,0
"1932",2023-08-27,0
"1933",2023-08-28,0
"1934",2023-08-29,0
"1935",2023-08-30,0
"1936",2023-08-31,0
"1937",2023-09-01,0
"1938",2023-09-02,0
"1939",2023-09-03,0
"1940",2023-09-04,0
"1941",2023-09-05,0
"1942",2023-09-06,0
"1943",2023-09-07,0
"1944",2023-09-08,0
"1945",2023-09-09,0
"1946",2023-09-10,0
"1947",2023-09-11,0
"1948",2023-09-12,0
"1949",2023-09-13,0
"1950",2023-09-14,0
"1951",2023-09-15,0
"1952",2023-09-16,0
"1953",2023-09-17,0
"1954",2023-09-18,0
"1955",2023-09-19,0
"1956",2023-09-20,0
"1957",2023-09-21,0
"1958",2023-09-22,0
"1959",2023-09-23,0
"1960",2023-09-24,0
"1961",2023-09-25,0
"1962",2023-09-26,0
"1963",2023-09-27,0
"1964",2023-09-28,0
"1965",2023-09-29,0
"1966",2023-09-30,0
"1967",2023-10-01,0
"1968",2023-10-02,0
"1969",2023-10-03,0
"1970",2023-10-04,0
"1971",2023-10-05,0
"1972",2023-10-06,0
"1973",2023-10-07,0
"1974",2023-10-08,0
"1975",2023-10-09,0
"1976",2023-10-10,1
"1977",2023-10-11,0
"1978",2023-10-12,0
"1979",2023-10-13,0
"1980",2023-10-14,0
"1981",2023-10-15,0
"1982",2023-10-16,0
"1983",2023-10-17,0
"1984",2023-10-18,0
"1985",2023-10-19,0
"1986",2023-10-20,0
"1987",2023-10-21,0
"1988",2023-10-22,0
"1989",2023-10-23,0
"1990",2023-10-24,0
"1991",2023-10-25,0
"1992",2023-10-26,0
"1993",2023-10-27,0
"1994",2023-10-28,0
"1995",2023-10-29,0
"1996",2023-10-30,0
"1997",2023-10-31,0
"1998",2023-11-01,0
"1999",2024-02-12,25
"2000",2024-02-13,112
"2001",2024-02-14,190
"2002",2024-02-15,229
"2003",2024-02-16,46
"2004",2024-02-17,32
"2005",2024-02-18,95
"2006",2024-02-19,28
"2007",2024-02-20,1
"2008",2024-02-21,4
"2009",2024-02-22,1
"2010",2024-02-23,2
"2011",2024-02-24,1
"2012",2024-02-25,3
"2013",2024-02-26,4
"2014",2024-02-27,2
"2015",2024-02-28,2
"2016",2024-02-29,1
"2017",2024-03-01,2
"2018",2024-03-02,2
"2019",2024-03-03,4
"2020",2024-03-04,8
"2021",2024-03-05,12
"2022",2024-03-06,6
"2023",2024-03-07,1
"2024",2024-03-08,1
"2025",2024-03-09,4
"2026",2024-03-10,7
"2027",2024-03-11,8
"2028",2024-03-12,1
"2029",2024-03-13,4
"2030",2024-03-14,5
"2031",2024-03-15,2
"2032",2024-03-16,2
"2033",2024-03-17,2
"2034",2024-03-18,4
"2035",2024-03-19,1
"2036",2024-03-20,0
"2037",2024-03-21,1
"2038",2024-03-22,0
"2039",2024-03-23,5
"2040",2024-03-24,0
"2041",2024-03-25,5
"2042",2024-03-26,3
"2043",2024-03-27,1
"2044",2024-03-28,1
"2045",2024-03-29,0
"2046",2024-03-30,1
"2047",2024-03-31,2
"2048",2024-04-01,1
"2049",2024-04-02,1
"2050",2024-04-03,1
"2051",2024-04-04,1
"2052",2024-04-05,2
"2053",2024-04-06,0
"2054",2024-04-07,0
"2055",2024-04-15,1
"2056",2024-04-16,3
"2057",2024-04-17,2
"2058",2024-04-18,0
"2059",2024-04-19,0
"2060",2024-04-20,0
"2061",2024-04-21,1
"2062",2024-04-22,0
"2063",2024-04-23,1
"2064",2024-04-24,1
"2065",2024-04-25,0
"2066",2024-04-26,0
"2067",2024-04-27,0
"2068",2024-04-28,0
"2069",2024-04-29,0
"2070",2024-04-30,1
"2071",2024-05-01,0
"2072",2024-05-02,1
"2073",2024-05-03,0
"2074",2024-05-04,0
"2075",2024-05-05,1
"2076",2024-05-06,1
"2077",2024-05-07,0
"2078",2024-05-08,0
"2079",2024-05-09,0
"2080",2024-05-10,0
"2081",2024-05-11,0
"2082",2024-05-12,0
"2083",2024-05-13,1
"2084",2024-05-14,0
"2085",2024-05-15,0
"2086",2024-05-16,0
"2087",2024-05-17,0
"2088",2024-05-18,0
"2089",2024-05-19,0
"2090",2024-05-20,0
"2091",2024-05-21,0
"2092",2024-05-22,0
"2093",2024-05-23,0
"2094",2024-05-24,1
"2095",2024-05-25,3
"2096",2024-05-26,1
"2097",2024-05-27,0
"2098",2024-05-28,0
"2099",2024-05-29,0
"2100",2024-05-30,0
"2101",2024-05-31,0
"2102",2024-06-01,0
"2103",2024-06-02,0
"2104",2024-06-03,0
"2105",2024-06-04,0
"2106",2024-06-05,0
"2107",2024-06-06,0
"2108",2024-06-07,0
"2109",2024-06-08,0
"2110",2024-06-09,0
"2111",2024-06-10,0
"2112",2024-06-11,0
"2113",2024-06-12,0
"2114",2024-06-13,0
"2115",2024-06-14,0
"2116",2024-06-15,0
"2117",2024-06-16,0
"2118",2024-06-17,0
"2119",2024-06-18,0
"2120",2024-06-19,0
"2121",2024-06-20,0
"2122",2024-06-21,0
"2123",2024-06-22,0
"2124",2024-06-23,0
"2125",2024-06-24,0
"2126",2024-06-25,0
"2127",2024-06-26,0
"2128",2024-06-27,0
"2129",2024-06-28,0
"2130",2024-06-29,0
"2131",2024-06-30,0
"2132",2024-07-01,0
"2133",2024-07-02,0
"2134",2024-07-03,0
"2135",2024-07-04,0
"2136",2024-07-05,0
"2137",2024-07-06,0
"2138",2024-07-07,0
"2139",2024-07-08,0
"2140",2024-07-09,0
"2141",2024-07-10,0
"2142",2024-07-11,0
"2143",2024-07-12,0
"2144",2024-07-13,0
"2145",2024-07-14,0
"2146",2024-07-15,0
"2147",2024-07-16,0
"2148",2024-07-17,0
"2149",2024-07-18,0
"2150",2024-07-19,0
"2151",2024-07-20,1
"2152",2024-07-21,1
"2153",2024-07-22,0
"2154",2024-07-23,0
"2155",2024-07-24,0
"2156",2024-07-25,0
"2157",2024-07-26,0
"2158",2024-07-27,0
"2159",2024-07-28,0
